{
	"credit": "Made with Blockbench",
	"parent": "block/cube_column",
	"textures": {
		"0": "create:block/brass_casing",
		"2": "create:block/crafter_thingies",
		"particle": "create:block/brass_casing"
	},
	"elements": [
		{
			"name": "valve_case",
			"from": [5, 16, 11],
			"to": [11, 17, 12],
			"rotation": {"angle": 0, "axis": "x", "origin": [8, 16.5, 8]},
			"faces": {
				"north": {"uv": [2, 2, 14, 3], "texture": "#0"},
				"east": {"uv": [2, 5, 3, 6], "texture": "#0"},
				"south": {"uv": [2, 2, 14, 3], "texture": "#0"},
				"west": {"uv": [2, 5, 3, 6], "texture": "#0"},
				"up": {"uv": [2, 2, 14, 3], "texture": "#0"},
				"down": {"uv": [0, 0, 0, 0], "texture": "#0"}
			}
		},
		{
			"name": "valve_case",
			"from": [4, 16, 4],
			"to": [5, 17, 12],
			"rotation": {"angle": 0, "axis": "x", "origin": [8, 16.5, 8]},
			"faces": {
				"north": {"uv": [10, 4, 12, 6], "texture": "#0"},
				"east": {"uv": [2, 2, 14, 3], "texture": "#0"},
				"south": {"uv": [6, 4, 8, 6], "texture": "#0"},
				"west": {"uv": [2, 2, 14, 3], "texture": "#0"},
				"up": {"uv": [2, 2, 3, 14], "texture": "#0"},
				"down": {"uv": [0, 0, 0, 0], "texture": "#0"}
			}
		},
		{
			"name": "valve_case",
			"from": [11, 16, 4],
			"to": [12, 17, 12],
			"rotation": {"angle": 0, "axis": "x", "origin": [8, 16.5, 8]},
			"faces": {
				"north": {"uv": [8, 5, 9, 6], "texture": "#0"},
				"east": {"uv": [2, 2, 14, 3], "texture": "#0"},
				"south": {"uv": [10, 5, 11, 6], "texture": "#0"},
				"west": {"uv": [2, 2, 14, 3], "texture": "#0"},
				"up": {"uv": [13, 2, 14, 14], "texture": "#0"},
				"down": {"uv": [0, 0, 0, 0], "texture": "#0"}
			}
		},
		{
			"name": "valve_case",
			"from": [5, 16, 4],
			"to": [11, 17, 5],
			"rotation": {"angle": 0, "axis": "x", "origin": [8, 16.5, 8]},
			"faces": {
				"north": {"uv": [2, 2, 13, 3], "texture": "#0"},
				"east": {"uv": [2, 5, 3, 6], "texture": "#0"},
				"south": {"uv": [2, 2, 14, 3], "texture": "#0"},
				"west": {"uv": [2, 5, 3, 6], "texture": "#0"},
				"up": {"uv": [3, 2, 14, 3], "texture": "#0"},
				"down": {"uv": [0, 0, 0, 0], "texture": "#0"}
			}
		},
		{
			"name": "valve_lid",
			"from": [5, 16, 5],
			"to": [11, 17, 11],
			"rotation": {"angle": 0, "axis": "x", "origin": [8, 16.5, 8]},
			"faces": {
				"north": {"uv": [0, 0, 0, 0], "texture": "#2"},
				"east": {"uv": [0, 0, 0, 0], "texture": "#2"},
				"south": {"uv": [0, 0, 0, 0], "texture": "#2"},
				"west": {"uv": [0, 0, 0, 0], "texture": "#2"},
				"up": {"uv": [0, 0, 6, 6], "texture": "#2"},
				"down": {"uv": [0, 0, 0, 0], "texture": "#2"}
			}
		},
		{
			"from": [1, 13, 1],
			"to": [15, 14, 15],
			"rotation": {"angle": 0, "axis": "y", "origin": [8, 6.5, 8]},
			"faces": {
				"north": {"uv": [1, 1, 15, 2], "texture": "#0"},
				"east": {"uv": [1, 1, 15, 2], "texture": "#0"},
				"south": {"uv": [1, 1, 15, 2], "texture": "#0"},
				"west": {"uv": [1, 1, 15, 2], "texture": "#0"},
				"up": {"uv": [2, 2, 14, 14], "texture": "#0"},
				"down": {"uv": [2, 2, 14, 14], "texture": "#0"}
			}
		},
		{
			"from": [0, 0, 0],
			"to": [16, 2, 16],
			"rotation": {"angle": 0, "axis": "y", "origin": [8, 1, 8]},
			"faces": {
				"north": {"uv": [0, 0, 16, 2], "texture": "#0"},
				"east": {"uv": [0, 0, 16, 2], "texture": "#0"},
				"south": {"uv": [0, 0, 16, 2], "texture": "#0"},
				"west": {"uv": [0, 0, 16, 2], "texture": "#0"},
				"up": {"uv": [0, 0, 16, 16], "texture": "#0"},
				"down": {"uv": [0, 0, 16, 16], "texture": "#0"}
			}
		},
		{
			"from": [0, 14, 0],
			"to": [16, 16, 16],
			"rotation": {"angle": 0, "axis": "x", "origin": [8, 15, 8]},
			"faces": {
				"north": {"uv": [0, 0, 16, 2], "texture": "#0"},
				"east": {"uv": [0, 0, 16, 2], "texture": "#0"},
				"south": {"uv": [0, 0, 16, 2], "texture": "#0"},
				"west": {"uv": [0, 0, 16, 2], "texture": "#0"},
				"up": {"uv": [0, 0, 16, 16], "texture": "#0"},
				"down": {"uv": [0, 0, 16, 16], "texture": "#0"}
			}
		},
		{
			"from": [1, 3, 1],
			"to": [15, 13, 15],
			"rotation": {"angle": 0, "axis": "y", "origin": [8, 6.5, 8]},
			"faces": {
				"north": {"uv": [1, 2, 15, 11], "texture": "#0"},
				"east": {"uv": [1, 2, 15, 11], "texture": "#0"},
				"south": {"uv": [1, 2, 15, 11], "texture": "#0"},
				"west": {"uv": [1, 2, 15, 11], "texture": "#0"},
				"up": {"uv": [2, 2, 12, 11], "texture": "#0"},
				"down": {"uv": [2, 2, 14, 11], "texture": "#0"}
			}
		},
		{
			"from": [1, 2, 1],
			"to": [15, 3, 15],
			"rotation": {"angle": 0, "axis": "y", "origin": [8, 6.5, 8]},
			"faces": {
				"north": {"uv": [1, 1, 15, 2], "texture": "#0"},
				"east": {"uv": [1, 1, 15, 2], "texture": "#0"},
				"south": {"uv": [1, 1, 15, 2], "texture": "#0"},
				"west": {"uv": [1, 1, 15, 2], "texture": "#0"},
				"up": {"uv": [2, 2, 14, 14], "texture": "#0"},
				"down": {"uv": [2, 2, 14, 14], "texture": "#0"}
			}
		}
	],
	"display": {
		"thirdperson_righthand": {
			"rotation": [75, 45, 0],
			"translation": [0, 2.5, 0],
			"scale": [0.375, 0.375, 0.375]
		},
		"thirdperson_lefthand": {
			"rotation": [75, 45, 0],
			"translation": [0, 2.5, 0],
			"scale": [0.375, 0.375, 0.375]
		},
		"firstperson_righthand": {
			"rotation": [0, 45, 0],
			"scale": [0.4, 0.4, 0.4]
		},
		"firstperson_lefthand": {
			"rotation": [0, 225, 0],
			"scale": [0.4, 0.4, 0.4]
		},
		"ground": {
			"translation": [0, 3, 0],
			"scale": [0.25, 0.25, 0.25]
		},
		"gui": {
			"rotation": [30, 225, 0],
			"translation": [0, -0.5, 0],
			"scale": [0.55273, 0.55273, 0.55273]
		},
		"fixed": {
			"scale": [0.5, 0.5, 0.5]
		}
	},
	"groups": [
		{
			"name": "crafting",
			"origin": [8, 16.5, 8],
			"color": 0,
			"children": [0, 1, 2, 3, 4]
		},
		{
			"name": "body",
			"origin": [8, 6.5, 8],
			"color": 0,
			"children": [5, 6, 7, 8, 9]
		}
	]
}